{
  "task": "transcribe",
  "language": "tagalog",
  "duration": 30.40999984741211,
  "text": "Dito pala sa available, kaya ba maglalago ng price in pesos? Pwede ba lalabas din siya in USD? Pero ang i-base natin na USD, hindi sa Google kasi mababa yung exchange rate, sa WISE, kasi yun yung payment namin sa pag-international, WISE na conversion. Hindi Google.",
  "segments": [
    {
      "id": 0,
      "seek": 0,
      "start": 0,
      "end": 28,
      "text": " Dito pala sa available, kaya ba maglalago ng price in pesos? Pwede ba lalabas din siya in USD? Pero ang i-base natin na USD, hindi sa Google kasi mababa yung exchange rate, sa WISE, kasi yun yung payment namin sa pag-international, WISE na conversion.",
      "tokens": [
        50364,
        413,
        3528,
        3984,
        64,
        601,
        2435,
        11,
        350,
        4427,
        4773,
        2258,
        75,
        304,
        6442,
        6415,
        3218,
        294,
        33204,
        30,
        430,
        86,
        4858,
        4773,
        287,
        304,
        455,
        296,
        3791,
        1511,
        3016,
        294,
        24375,
        30,
        9377,
        2562,
        741,
        12,
        17429,
        2249,
        259,
        1667,
        24375,
        11,
        276,
        10255,
        601,
        3329,
        350,
        8483,
        275,
        455,
        5509,
        288,
        1063,
        7742,
        3314,
        11,
        601,
        343,
        19413,
        11,
        350,
        8483,
        288,
        409,
        288,
        1063,
        10224,
        297,
        7428,
        601,
        11812,
        12,
        259,
        2231,
        1478,
        11,
        343,
        19413,
        1667,
        14298,
        13,
        51764
      ],
      "temperature": 0,
      "avg_logprob": -0.4284383952617645,
      "compression_ratio": 1.418079137802124,
      "no_speech_prob": 0.7380666732788086
    },
    {
      "id": 1,
      "seek": 2800,
      "start": 28,
      "end": 30,
      "text": " Hindi Google.",
      "tokens": [
        50364,
        36225,
        3329,
        13,
        50464
      ],
      "temperature": 0,
      "avg_logprob": -0.5552643537521362,
      "compression_ratio": 0.6190476417541504,
      "no_speech_prob": 0.9184366464614868
    }
  ],
  "usage": {
    "type": "duration",
    "seconds": 31
  }
}